,Cities,Latitude,Longitude,Temperature (F),Humidity (%),Cloudiness (%),Wind Speed (MPH)
0,santa maria,16.43745883018987,-20.811864268308568,57.2,93,75,5.82
1,victoria,-8.883730844349884,58.81960618750156,83.32,83,75,5.82
2,lebu,-30.992285613604786,-94.35681927188025,48.35,91,68,2.48
3,praia da vitoria,40.14645592415178,-26.04609136500818,71.6,83,20,12.33
4,port elizabeth,-82.54300777427846,35.062635795718904,69.58,87,1,3.38
5,vardo,75.82770683766998,33.09754968582067,64.24,100,1,2.71
6,albany,-71.77511981222855,121.74117061582263,62.89,58,20,8.05
9,punta arenas,-50.93451395161833,-78.33583679420653,35.6,99,40,24.16
10,moranbah,-22.683236133932922,148.30299330662405,79.85,30,0,9.75
11,hilo,10.339922030472778,-138.89810170633174,78.08,90,90,9.17
12,kvarkeno,52.31019954422439,59.91845446965155,51.41,63,24,12.77
13,oruro,-17.93428894190349,-67.34812235320305,31.25,90,0,5.5
14,grindavik,52.55360082744289,-24.2039061128159,45.66,93,0,9.17
15,clacton-on-sea,51.74149765889965,1.361745248339389,53.65,87,56,6.93
16,ushuaia,-81.5543379373734,-35.99857058532996,33.8,86,75,14.99
17,hermanus,-79.65654271638273,2.4138979182242224,32.33,95,0,2.82
18,kapaa,29.397898736471802,-168.35332857034948,82.04,84,75,17.22
19,arraial do cabo,-26.928712746987323,-40.51918886153382,72.29,87,8,19.82
20,saint-augustin,57.72876840863708,-60.826490943236905,66.2,88,90,2.24
21,constitucion,19.751166709447944,-119.76088710201597,64.4,72,90,13.87
23,pisco,-24.99492275843619,-94.85749273624101,60.8,82,20,13.87
24,ribeira grande,37.38260217952897,-35.745412989612134,73.91,100,0,10.65
25,moron,48.070940699636964,99.79025377543547,77.95,83,40,1.81
26,busselton,-72.25431921949352,88.97260625502844,57.26,100,24,6.96
27,marawi,20.050919986100737,33.030355184585915,81.92,65,24,3.15
28,iqaluit,58.32021940859269,-67.28492330645736,39.2,93,90,18.34
29,bredasdorp,-50.867907518961765,23.564012003871426,41.0,93,0,3.36
30,severo-kurilsk,48.2442626278216,154.8650282554571,52.85,100,32,4.05
32,dumka,24.283691642280516,87.33584274911516,81.74,100,32,4.61
33,vila velha,-31.739119878695426,-22.30506451099467,78.8,78,20,11.41
34,barrow,83.36782837306123,-160.00652831381672,45.65,50,32,5.5
35,samarai,-11.555580059194753,151.23112694344462,77.87,99,80,15.46
36,yumen,37.57170853804729,96.33328065181155,73.37,33,44,5.73
37,okha,22.832904064297125,69.04549533738776,66.62,77,20,4.16
38,noumea,-28.898044653271008,161.99928296828807,75.2,53,75,12.75
39,cidreira,-49.300505566134106,-31.502820379131663,55.55,95,0,12.33
40,upernavik,82.33414392668263,-56.0797542332361,41.69,91,92,4.83
41,tura,62.69528885275676,99.94967423278104,78.59,98,80,2.37
42,salalah,13.159827748922538,59.16362552444306,73.4,100,90,3.36
43,goderich,5.133473186425391,-17.225379685064212,66.8,79,0,9.75
44,araouane,20.638155458237534,-4.740091497377705,86.33,40,36,9.31
45,caravelas,-18.346725018124957,-35.26264870345531,75.89,99,56,11.21
46,jumla,31.030574681487067,83.187645713851,41.96,92,92,2.59
47,norilsk,68.70160648734429,88.43923903428032,57.35,62,0,12.21
48,jiaozuo,35.0688345046472,113.22350340486071,82.91,52,0,3.6
49,amahai,-4.272088191543517,130.44471015889752,77.78,100,88,7.74
50,enshi,30.72101901309047,110.23966516515344,75.35,84,44,3.6
51,narsaq,85.56064519130493,-64.3289987602623,44.6,65,75,1.12
52,hobart,-57.25946830676428,148.0946798408412,57.2,54,20,8.05
53,hami,40.99772482276421,91.42995741747103,80.66,42,0,4.72
54,hithadhoo,-16.16191669085144,73.80779551831515,78.95,100,80,3.04
55,torbay,34.32204693892524,-49.33301781822561,69.8,88,90,24.16
56,mataura,-42.76576353763586,-156.2778572861219,48.98,86,44,11.32
58,puerto ayora,-10.385278595738583,-93.01328461808825,70.31,100,68,14
59,vyartsilya,61.95844871322916,30.73215523152888,51.59,97,76,2.93
60,chokurdakh,75.70210502969388,143.58638812302104,47.81,88,24,4.61
61,kokstad,-30.40950518633678,28.939872157104446,46.01,98,68,2.59
62,tasiilaq,56.50502934842581,-32.9634128755695,41.0,80,0,5.82
64,ulaangom,47.48780458611219,93.51855833308309,60.05,42,0,3.27
65,bethel,54.54063457031171,-162.30146035379397,55.04,77,90,12.75
66,kuvandyk,51.553573015141325,57.29438380195742,51.14,64,0,10.2
67,mbigou,-2.0525247974826897,12.042084567236572,64.55,98,20,2.37
68,rikitea,-44.42320742154136,-133.8753852844576,69.14,100,8,17.13
69,emerald,-23.621757434093496,144.9423339562593,78.68,34,0,11.1
70,east london,-69.15857555456807,51.9664725104856,61.04,100,0,5.06
71,kodarma,24.578842363112102,85.28240641860344,79.22,100,88,3.27
72,taltal,-26.33332858425254,-74.01708603293154,46.55,92,0,2.15
74,karangampel,-5.871792716683004,108.9740518079268,82.28,95,0,8.75
75,bataipora,-22.099226599455136,-52.78272589954034,70.94,82,44,10.76
76,mar del plata,-55.52927953816063,-36.598875598366675,40.79,58,0,14.23
77,avarua,-29.58548889769586,-164.70457911348348,78.8,69,20,8.05
78,challans,45.321707530805895,-2.9688010234901583,58.41,82,0,4.7
79,vestmannaeyjar,61.49177515975083,-17.773154572046934,45.56,100,0,7.85
82,skibbereen,49.65582779544371,-10.176765601494878,50.0,81,40,9.17
83,qaanaaq,82.27474059256983,-92.23150857835486,35.75,100,56,4.94
85,hasaki,28.40097137593581,149.46010778981974,84.04,79,75,17.22
86,solnechnyy,60.26490007923633,137.04229798669644,74.36,65,0,3.6
88,goba,6.199665632743262,39.91090429780186,47.81,87,36,2.71
89,bluff,-81.29030531413123,169.45863828514644,78.95,31,0,9.75
90,mahebourg,-40.48253567777641,73.14802196405975,68.0,94,75,8.63
91,airai,18.612024008676258,137.52992688855352,82.82,50,12,0.92
93,butaritari,6.071350962802498,169.11409168589768,82.91,100,48,7.29
94,provideniya,56.3152738314115,-177.11657470402142,53.6,76,75,6.71
95,vaini,-64.4355858528676,-169.76501295631024,69.5,99,100,7.07
97,udimskiy,61.274914291372966,46.067378310895975,58.34,96,68,13.11
98,caraballeda,12.033792064439709,-65.94865084197446,79.13,100,48,12.21
99,pike creek,39.81992931774383,-75.734579051412,66.65,87,1,3.71
100,havre,48.727072980140065,-109.9254474375461,89.06,13,1,3.36
102,dikson,89.17257097993411,91.34285217776812,53.75,78,32,13.56
103,atuona,-4.853422241966925,-116.21859904415314,79.13,100,0,11.32
104,lata,-8.090357269757405,168.34339641479846,61.04,99,88,1.59
107,nikolskoye,43.42761832659281,173.13204526871976,55.4,82,0,2.24
108,kodiak,54.0535443628367,-147.724357941294,69.98,97,90,5.82
109,los llanos de aridane,24.895324004267636,-19.760131467857832,71.6,88,0,8.05
110,cape town,-77.55300049897288,-13.990325904942921,51.8,87,0,5.82
111,ippy,7.049734797691272,20.765392746581966,65.18,96,32,4.5
112,egvekinot,60.77516640565153,-179.42698089894978,48.08,65,76,3.27
113,bharatpur,28.19748963344054,84.64505941271392,74.45,98,92,3.27
114,valsad,20.669656395999567,72.78321891429812,75.62,96,92,11.65
115,honningsvag,71.73175515057213,26.00780697565554,48.2,93,75,8.05
116,imbituba,-30.57852282029622,-43.08491650925754,60.8,93,40,2.24
117,matay,28.413272611166164,30.246377767135527,74.36,68,0,10.54
118,jamestown,-38.06656795878486,-12.858398155332594,61.04,48,44,13.67
120,soyo,-10.112909212135605,3.4353046312065487,68.69,97,88,4.16
121,yellowknife,72.6718710158973,-117.72993203149339,50.0,73,75,5.82
122,blagoyevo,63.02932628114846,47.08575711774165,46.91,83,76,3.04
123,russell,-27.282710080954267,179.50658635644663,53.6,54,90,14.99
124,codrington,26.08327389780193,-55.87227706753232,67.16,65,8,3.49
126,gat,26.45879184943429,10.441838029500161,77.69,88,56,5.17
127,sangar,66.93159576667668,127.0099773611604,62.12,91,88,2.59
128,saldanha,-46.85259809144425,-9.676007789257113,57.71,79,0,3.94
129,natchitoches,31.859652839008916,-92.94237236354525,84.63,54,1,8.05
130,zabol,31.471962222026818,61.26193487013711,82.37,44,0,36.37
131,chuy,-60.29830794372994,-23.828468102800855,46.82,93,20,7.4
132,guilin,25.75188750994451,109.03171727329811,84.2,70,0,4.47
133,maloy,62.973145658398494,2.0543769424751304,84.35,71,64,2.71
134,ancud,-41.04025361320416,-86.6519587892818,36.92,82,0,4.27
135,dalbandin,29.607444742951685,63.57012675638617,73.1,20,0,4.61
136,norman wells,72.73439848740827,-123.52399839131434,48.2,76,90,6.93
138,inuvik,68.64509761846153,-134.12054466870322,48.2,61,75,12.75
139,torrington,41.920564364336656,-73.1742263819999,68.34,60,1,4.7
140,la oroya,-11.463899763992075,-75.97026251523776,33.05,100,76,1.25
141,oranjemund,-29.239483774429722,16.50922917150558,56.27,97,0,18.48
142,saint-philippe,-60.57725855177614,74.8627467237653,65.75,52,1,6.93
143,colares,39.264900418728956,-12.222660118494446,65.44,88,0,3.36
144,sageata,45.07615574552432,26.98552201030202,62.03,76,0,5.28
145,port moresby,-11.5576051295767,147.0117400666137,86.0,66,40,8.05
146,luganville,-14.072715045158304,164.61732962143333,79.22,100,92,10.65
147,georgetown,-13.677595400629215,-20.014581963446744,75.2,94,20,1.12
148,buchanan,1.8120384797205134,-11.782416204603237,75.2,94,75,4.05
150,yar-sale,74.24110319334912,70.47504237231911,58.52,85,36,8.19
151,north branch,45.68939635068784,-93.0323063992632,72.18,66,90,6.93
152,ilulissat,82.15358409779213,-40.42428322141973,42.8,52,0,2.24
153,castro,-49.81304609810113,-100.59151551603087,37.19,96,0,4.72
154,saint anthony,52.86772667150376,-51.46962370981956,76.96,23,1,10.29
155,shelburne,43.769992983918655,-65.25932984652088,67.98,60,1,8.05
156,khatanga,78.39737834332539,95.62211296920373,59.24,84,8,8.52
157,bin qirdan,33.17902651480635,11.508576621761591,74.27,83,0,3.71
158,kieta,-1.07331933156091,159.09356374496383,80.3,100,24,4.5
159,natal,-3.9884122274614526,-29.743594192921677,73.4,73,20,6.93
161,buala,-2.744728247520655,160.0177357570471,81.65,95,56,3.6
162,bosaso,10.426447562570786,47.7280608615246,89.12,80,0,21.61
163,sitka,47.070664859840605,-140.7710004170812,75.71,71,32,8.08
164,port alfred,-85.03665283675045,52.82893636898447,53.12,100,0,4.16
165,savinka,49.80969529675386,47.13578929503382,51.77,74,0,3.15
166,vung tau,8.075613222771622,108.55750126687809,84.2,89,40,9.17
167,tashtyp,51.93822890013652,89.25300333710317,61.94,75,12,3.27
168,beisfjord,66.13920350869085,17.93352993976154,51.8,81,48,10.29
169,dryden,51.09292696032273,-93.25520786208648,77.0,50,90,5.82
170,baghdad,31.287086615567006,43.51491418404407,80.6,34,0,4.7
172,orange,-32.96444430250925,149.39313605992277,57.26,78,0,8.08
173,pochutla,13.378916939932154,-96.2683381084993,80.6,74,40,9.31
174,pacific grove,28.047696436178896,-134.36045434889954,65.77,63,1,16.11
175,tuktoyaktuk,86.67451233686182,-126.96661916630775,50.0,61,75,11.41
176,troitskiy,51.41873740849684,37.474651091055165,64.4,52,0,15.66
177,sola,-9.92994745259898,171.69907377127038,55.4,93,75,2.24
178,rancho palos verdes,31.656713729611027,-119.26070443903262,79.45,69,40,16.11
179,vilani,56.78511757006339,26.946615388215776,59.87,72,0,15.68
180,kalmunai,8.500450747200262,87.53798258170201,81.29,87,32,3.94
181,cervo,45.45576684550733,-6.652067560278937,57.26,86,24,2.59
182,pangnirtung,66.64377191667364,-65.59299308065636,44.75,72,88,28.77
183,keti bandar,22.008587935370343,66.69206093946406,80.12,99,92,22.84
184,fereydunshahr,32.60757181650611,50.07558947544834,55.28,42,0,2.82
185,itarsi,22.31005190577929,77.9064505932239,74.81,98,92,10.42
186,almaznyy,63.50323025246212,115.89306945983799,54.47,55,0,9.19
187,coahuayana,0.10804801943038456,-112.45881740393854,71.39,83,24,1.36
188,manasa,24.555052499682517,75.10664922377404,75.98,97,68,10.65
189,humaita,-27.017247461063377,-58.85835775586631,60.8,38,40,4.7
190,ulcinj,41.89348891487123,18.480002685646838,75.11,53,20,9.17
191,carnarvon,-28.60309046444541,102.66361529275179,23.87,68,0,3.71
193,krasnoyarsk,55.64076870040424,92.79629959610116,59.0,82,0,8.95
195,port hueneme,34.13426622059795,-119.41719343302802,75.58,68,40,12.75
196,talcahuano,-34.642307650262275,-77.13103392621946,42.8,87,20,3.36
197,george town,18.916174317003367,-81.67073561645222,80.44,78,75,3.36
198,broome,-21.4356774407414,122.30253202180745,52.05,87,20,9.17
199,emirdag,39.21507295076299,31.9989482611106,52.85,75,0,2.59
200,terrace bay,47.780790387328864,-87.31499751902005,59.24,82,0,13.33
201,ornskoldsvik,65.45699071019308,18.059827140950148,50.2,100,92,2.24
202,new norfolk,-61.02108407735178,131.50153620469604,57.2,54,20,8.05
203,vanimo,3.7310347560726598,141.79941778149038,79.94,100,64,6.51
204,sharjah,25.569853835280057,55.16647285988958,90.82,67,0,8.05
205,bende,5.428345303798267,7.6404576743856865,69.77,100,92,4.61
206,kerman,30.792613986613503,57.18128384479601,55.4,12,0,4.7
207,meridian,32.07754810272945,-87.94940059466131,78.12,81,1,4.38
208,camacupa,-12.549722312919698,18.368262602149827,54.11,79,0,2.59
209,tilichiki,59.61063360888164,172.85863690700955,63.29,68,32,6.4
210,narrabri,-30.19167874950285,148.94027095766205,67.97,50,12,12.66
211,saskylakh,83.7011156823115,112.1864930813374,50.42,99,0,4.5
212,tynda,54.871259290524165,124.3655982099146,71.21,74,0,3.38
213,inhambane,-25.638705660545313,38.47254179354792,66.17,100,0,3.71
214,eyl,7.16093540601851,49.097355821715354,74.63,85,0,20.49
215,vao,-26.30265836857337,172.4916392845543,57.89,73,0,7.52
216,komsomolskiy,67.33271336720188,172.23229184440498,57.71,69,88,1.59
217,poyarkovo,49.41890396532793,128.78264508973808,78.05,68,36,4.16
218,ponta do sol,15.665588419353554,-34.215904848003305,67.79,72,88,2.15
219,granby,45.35929076712287,-72.711898690982,64.9,82,40,7.18
220,otane,-42.5717392301346,178.70868589646233,44.84,81,68,13.44
221,thompson,66.86413712196975,-98.18093235086934,46.4,65,75,2.24
222,san policarpo,13.15646636666267,128.3644690442523,85.61,87,56,9.19
223,roald,69.92668633011823,2.549226886144311,52.84,87,92,4.7
224,batemans bay,-39.14715288075614,151.57988628206186,50.42,100,92,3.04
225,surt,32.562053925957755,17.77020598893506,76.61,100,0,3.94
226,toora-khem,53.29339531239242,96.07622620645952,58.61,77,64,2.26
227,matara,1.1370707998353282,80.88842943367922,35.84,74,0,2.04
228,lokosovo,59.71163638053187,75.260821371773,57.35,92,0,4.61
229,christchurch,-44.91192767046764,175.2663858716333,51.8,71,64,18.34
230,arauco,-36.8570035698591,-73.6928784904346,42.8,87,20,3.36
231,longyearbyen,88.85036290323973,28.302476058742002,31.07,100,44,2.48
232,zhigansk,70.5374384256472,123.26724851347296,57.71,60,0,10.42
233,isangel,-19.814737838591356,169.7649991896498,72.47,100,88,15.57
234,constantine,34.76718998997458,6.262329170894105,64.4,93,20,3.36
235,saurimo,-9.485251734293655,20.235432958773856,65.09,90,0,5.17
236,mananjary,-21.532480137452765,49.67393461888341,45.2,96,12,4.38
237,nantucket,36.20358774615805,-69.04542592597214,61.32,82,1,5.82
238,tuatapere,-59.4572660553463,155.47473150523513,47.36,100,48,9.75
239,ishigaki,20.90829413875977,126.11282728017267,86.0,84,75,20.8
240,laje,-10.232818359283584,-41.59294959561308,67.16,95,92,5.17
242,cabo san lucas,12.01606565983252,-125.14095459275359,85.17,70,40,11.41
243,college,67.26741252133223,-151.18592989228233,63.68,63,90,3.36
244,sao paulo de olivenca,-3.4388433464682464,-68.37901294337394,75.35,87,8,2.93
246,derzhavinsk,49.138530791649316,66.01186808379481,56.27,91,24,10.2
247,maiduguri,11.92704420034974,12.597642449381652,70.49,96,64,8.19
248,namatanai,-2.7461488587502743,153.81259338294103,83.36,100,20,2.37
249,bosconia,9.849275550531843,-74.0279184772213,73.91,86,12,2.15
250,karratha,-17.806997003028854,109.55649168614849,74.18,15,0,17.36
251,weifang,36.70898144965041,119.15718121074559,79.85,78,56,13.22
252,mambolo,8.82706427553289,-13.023180209148137,80.6,88,75,9.17
253,richards bay,-32.03491186934848,38.67707605824529,60.5,100,92,5.17
254,san ramon,-14.57867293633609,-63.03304434675685,72.2,82,68,3.38
255,bereda,14.14513482320858,50.62362882446945,64.4,93,68,2.24
256,businga,3.406433361198779,20.878570340192027,67.61,98,92,2.15
257,dhidhdhoo,7.483961385988337,71.84516926338952,83.09,98,68,13.89
258,kanniyakumari,5.461875108186604,77.0693949207037,78.77,95,8,22.28
259,nemuro,36.34638125885435,151.6948243305285,66.2,82,75,10.29
260,linxia,33.30755483723155,100.5102015617814,65.54,77,0,3.38
261,nalut,31.07076808783836,11.235967852284546,72.83,55,48,3.49
262,sharan,32.06060795349674,68.15131159948967,58.52,69,0,2.71
263,hovd,44.7152008420002,103.89008007700647,54.45,82,0,10.29
264,ola,57.79837929539792,153.31963890894968,64.4,72,75,2.24
265,nouadhibou,20.301657568106265,-19.58328651307346,81.74,58,68,1.36
266,lumby,49.832877514543384,-118.58444374340147,80.6,24,1,11.41
267,beringovskiy,55.05764389365305,177.69699505995652,50.87,100,64,13.44
268,clyde river,71.29646479579321,-79.5861241447616,37.4,100,90,6.93
270,pathein,17.237865389151054,93.08423395639988,76.97,100,92,6.73
271,bambous virieux,-31.154093365206805,74.7649375526517,68.0,94,75,8.63
272,khani,57.020677285252674,119.95437087599907,68.0,94,0,2.24
273,torata,-16.796126085023545,-71.14084692616566,28.64,53,0,2.71
274,luderitz,-27.04145016878386,12.043898902001501,49.25,91,0,12.33
275,sistranda,68.95172229363101,6.026838843219423,53.6,87,0,8.05
276,boende,-0.2969293868131899,20.390767245519555,68.87,100,92,2.59
277,yoichi,44.61781524448568,140.0494887771199,75.62,81,76,5.84
278,bandarbeyla,4.617279630210376,57.2028957354286,75.53,92,0,30.11
279,sayula,17.889247910084862,-94.9391255105911,71.6,94,90,1.59
280,antofagasta,-24.37341165901816,-72.23910685901207,55.4,71,90,11.41
281,klaksvik,73.95295958350573,-4.767188463978954,48.2,93,80,12.75
283,waiuku,-37.53299699418151,174.16323269996468,57.2,67,20,13.87
284,gao,17.080074796344988,-0.4665062791215746,79.49,81,0,8.97
285,acari,-17.59163954434814,-74.65935170040322,67.43,75,0,11.77
286,gunjur,12.117986577299803,-19.019669394400722,80.6,83,75,6.93
287,moctezuma,29.61338004315124,-109.55446172328138,71.21,91,20,1.81
288,ashland,41.52308963527136,-122.56057519651905,66.92,70,1,3.36
289,mitsamiouli,-11.10622643930327,43.49379917070934,76.07,99,32,9.86
291,hofn,67.54149607481904,-12.351515111815672,47.45,100,12,10.98
292,geraldton,-32.34435772187822,93.40049482176846,57.2,62,40,10.29
293,trinidad,-14.77461638667559,-64.64939997540638,51.5,83,92,3.94
294,anshun,25.45239114047442,105.93336888483452,74.36,84,0,6.62
295,yerbogachen,60.3637427699058,107.56051362559742,57.71,78,32,5.17
296,batagay,66.49596165607139,136.23136279377871,54.38,85,48,10.65
297,seddon,-42.21034087931022,173.56620096560562,52.94,86,48,7.63
298,lagunas,-4.784026377816531,-74.82394398391972,75.98,82,0,3.15
299,shache,38.88674473135987,76.83532613981572,68.87,68,68,8.08
300,galle,4.397841803420306,79.41277991271113,94.51,41,1,10.29
301,traralgon,-38.47853239374999,146.82739176518749,58.34,66,0,2.26
302,lorengau,-0.7849746728291649,144.7396183663751,81.11,100,76,1.59
303,jadu,31.46398923792178,11.588466772729134,67.97,65,48,3.15
304,byron bay,-28.9153761485286,159.50401798698573,69.8,56,75,11.41
305,deputatskiy,73.51870043279555,141.2738326557856,52.31,72,76,3.94
306,maun,-19.264419866453792,23.200601810275515,54.47,41,0,5.73
307,woodstock,46.08415361139865,-67.12481038892223,66.13,72,20,8.05
308,cherskiy,78.44027647882626,164.65384990943056,45.65,70,8,8.97
309,broken hill,-30.460477065983945,144.30069934749952,61.49,43,80,16.24
310,fare,-12.348556876679694,-148.15226498028048,78.86,100,48,16.24
311,ust-nera,64.37955387291976,143.70483133626834,59.87,64,44,2.59
312,elat,28.295613127635463,34.62720406228945,64.73,98,64,2.04
313,kruisfontein,-89.3196138473606,29.26978494035822,49.52,100,0,7.4
315,zambezi,-12.715766165707365,22.42202720802507,55.19,70,0,3.27
316,poum,-22.588085361266067,161.25530986620282,52.4,88,12,1.14
317,ostrovnoy,70.49418648593462,43.13971915083647,45.92,95,100,3.49
318,dalipuga,8.3314083293955,124.14845679960723,85.43,89,0,4.16
319,ouro fino,-28.88181738875104,-52.87561237814411,57.26,86,24,2.59
320,saint george,36.64630186202682,-64.51725919077688,69.8,52,0,8.05
321,ucluelet,45.80373838832176,-127.92414690765014,59.0,82,40,4.7
322,changji,44.452390728116626,87.22764915502489,83.99,75,0,6.17
323,omsukchan,62.62562043728025,157.47679045663068,60.05,56,56,3.38
324,mendi,-6.595365421607667,143.63666021397393,58.97,100,92,3.71
325,sembakung,3.216649281504303,116.16652087313855,75.62,95,88,3.38
326,souillac,-59.227411458639935,78.14724144707839,65.21,88,75,8.05
327,beipiao,43.27368140426424,120.72804066207755,71.57,69,36,17.81
328,la ronge,61.426451880719156,-104.14598978954463,48.2,61,90,9.17
329,yulara,-22.286669925758588,129.78118687248485,59.0,51,90,17.22
330,nazca,-14.68006442429855,-74.93981336094521,52.22,94,20,2.48
331,bukoba,-1.217042363795784,31.835129600343464,64.64,100,56,4.16
332,awallan,18.002932746698093,122.17580226503844,86.42,74,80,7.07
333,tiksi,80.18802103904599,128.4771176415938,48.62,94,32,11.1
334,uvalde,29.290489507764022,-100.07917946660194,93.72,32,1,9.17
335,beian,49.24142118564387,126.82620950672475,53.6,87,0,8.05
336,formosa,-26.167749979011596,-59.256727543210104,68.0,82,0,4.7
338,esperance,-33.19176731311154,124.2346935363426,75.2,100,40,3.36
339,the valley,22.98398213483796,-61.66588180586871,82.4,69,20,9.17
340,waipawa,-47.19977111196348,178.10793989153615,44.84,96,92,14.45
341,guna,24.648800030643642,77.12309052475968,74.54,100,92,10.31
342,sayyan,15.125870359061452,46.34320012487612,63.38,40,12,3.6
343,lagoa,45.960579013762754,-32.756821013035164,82.4,24,0,11.41
344,nhulunbuy,-13.1669355911242,140.04554022831138,84.2,37,0,6.93
345,mago,53.268509874144115,140.4353318239127,70.85,64,0,3.49
346,iralaya,16.224058173190514,-81.5231765000018,83.36,81,68,8.63
347,lodwar,4.235211806471753,35.44587857407382,71.03,77,24,4.94
348,tocopilla,-21.965699057291303,-70.57211456978835,54.56,100,12,6.29
349,kahului,33.77428199890001,-147.87467922486172,75.9,96,90,24.16
350,laguna,-33.367642910298045,-42.915646841584504,91.4,52,40,9.17
352,manoel urbano,-9.677027227701885,-69.92064407964249,70.94,89,0,0.69
353,prieska,-29.678439962123555,21.70001944116342,29.9,47,0,2.71
354,sechura,-7.815697021817002,-82.81073683311878,66.17,83,0,12.55
355,khandbari,27.49375947026219,87.59298202055186,49.34,63,12,1.14
356,biak,0.23551445528109127,138.56174965288017,80.21,87,76,3.6
358,sao filipe,4.928427074554207,-25.128942121261247,77.24,100,88,9.42
359,quebrada de arena,15.787761273957884,-85.86544793742236,75.35,79,64,1.59
360,imeni poliny osipenko,52.802270295868226,137.66146920920562,71.57,82,0,4.16
361,hamilton,28.284549409353914,-68.46833064267379,82.4,78,20,6.93
362,cairns,-15.378427458347744,145.44418960649426,78.8,50,20,5.82
363,samoylovka,51.45278872449836,43.75039922882735,45.11,78,0,2.82
364,george,-35.694136798699354,21.988622863879556,75.2,94,40,4.7
365,gorontalo,1.9270089314282757,122.1403206501763,87.68,55,48,3.04
366,namibe,-16.808060252666834,7.324109606347548,64.01,100,8,4.61
367,calama,-23.853460150433847,-68.82086403546947,51.8,13,0,12.75
368,sambava,-10.992133368816795,53.28995494405825,72.29,100,92,15.23
369,listvyanka,52.04086174297487,105.19949233574624,59.0,100,90,13.42
370,maues,-4.097951038580192,-57.49731158806904,77.42,85,36,2.37
371,itarema,-1.4202699929159195,-39.03450549469471,76.43,85,0,15.01
372,caronport,50.37359844233231,-105.95131884689843,72.02,50,0,4.61
374,rock sound,26.69514011735076,-74.3004873594374,84.17,98,64,12.44
375,evensk,64.44848176008145,161.49853884188366,57.89,83,0,6.4
376,fortuna,34.91133801851761,-141.86625428404656,76.98,47,0,10.29
377,kifri,34.47068207458415,44.732291121124575,72.02,31,0,1.7
378,menongue,-15.757454356541118,19.172883467022558,66.89,43,88,2.04
379,moose factory,50.93785135609906,-79.28352965178529,48.2,76,90,3.36
380,canico,30.69828178142886,-16.793640704735395,73.15,50,20,13.87
381,mahibadhoo,3.567045919527402,68.88280757157858,81.47,100,76,10.42
382,havre-saint-pierre,56.55189383067932,-63.587713233737176,55.4,100,90,6.93
383,ingham,-18.606581432051854,145.28963435480796,73.82,85,0,6.73
384,leningradskiy,84.77528234725841,176.7705951088882,40.97,93,92,7.18
385,bustamante,26.545824803602912,-100.75434020573366,84.71,36,0,9.86
386,muros,44.000538470685115,-12.50266420709005,60.8,93,20,2.24
387,pashiya,58.757230517579245,58.354288603953336,48.44,91,76,12.88
389,montepuez,-12.366850338459784,39.18107270060119,55.46,88,8,2.71
390,priyutnoye,45.995204360376505,43.48693751304819,55.4,45,0,8.95
391,virginia beach,36.85299868868407,-73.5048897507711,68.88,58,1,6.29
392,vakhrushev,48.79710002459129,143.45570385041106,59.6,98,56,3.94
393,salinopolis,3.567759929003955,-45.08748072931769,79.94,97,0,14.56
394,coihaique,-48.369257370158955,-76.87822400146058,34.57,69,0,4.7
395,sorland,72.76926680632451,6.922593296992773,54.2,99,92,13.44
397,turayf,32.43716492034551,38.24667255233331,75.2,44,0,6.93
398,tiarei,-15.547261407948398,-147.86489009339232,82.4,58,20,8.05
399,gimli,50.904155844452106,-97.06321674687652,75.26,69,56,7.18
400,lasa,29.914311397922518,93.0045916005987,77.52,88,64,5.82
401,sioux lookout,51.17432081845118,-89.84744823464732,74.86,56,90,5.82
402,pleasant point,-44.01241015484531,171.10247089284866,48.35,96,48,4.72
403,margate,-41.08257515677993,40.92087072452489,57.2,54,20,8.05
404,novikovo,46.64588735430428,143.33018631698803,64.55,99,0,6.85
405,sao joao da barra,-33.66614659516134,-22.505407294079447,74.27,95,0,21.27
406,celestun,24.78170965929627,-92.19704127931114,84.17,95,32,15.68
407,juneau,59.63066259247344,-131.86155994596746,56.64,96,90,3.36
408,oum hadjer,13.376786076350768,20.242876389269043,68.87,96,56,3.15
409,krasnyy chikoy,48.83481271633107,108.75090083327291,71.12,63,56,3.27
410,shingu,25.724834353471778,139.5416184024208,80.6,94,75,14.99
412,jasper,53.37835128240599,-119.5917087302646,71.37,88,1,4.61
413,nanortalik,50.95626790292317,-39.16443288270693,42.05,96,92,15.9
414,northam,-31.83878165395199,116.45748115977898,53.6,81,20,3.36
415,kaitangata,-81.59658714669503,177.8319484597988,45.92,99,68,11.88
416,kharan,28.612338585316422,65.66173132448958,70.13,22,0,2.93
417,marrakesh,31.217522496599685,-8.454415309670196,77.0,47,0,2.24
419,san ignacio,17.07898486233546,-88.89157061501788,39.2,100,0,8.05
420,lakes entrance,-37.41119625108844,148.5531862581712,56.72,80,0,2.59
421,pemba,-13.5295377849002,41.03605276694546,79.04,97,0,5.61
422,kondinskoye,60.36287946386253,66.89764339597983,60.23,92,0,7.52
423,dudinka,73.39177980383289,86.36128546301575,60.41,71,0,14.56
425,port angeles,48.02524102702634,-123.48885607489433,62.53,75,90,8.05
426,tazovskiy,67.4418159011262,77.72326260724924,59.24,73,36,12.1
427,major isidoro,-9.495596768445054,-36.84425352442338,69.77,83,8,6.73
428,hay river,60.31155473430289,-115.51800796634457,51.8,62,90,13.87
429,puerto leguizamo,0.050382201756590916,-73.2803046975339,72.65,95,0,2.37
430,florence,33.85474124652052,-79.80629776058255,68.38,57,1,5.82
431,quatre cocos,-17.846377034548127,70.71077834412247,68.0,94,75,8.63
432,sexsmith,55.41713896789429,-118.58912455289612,55.4,82,90,8.05
433,mwinilunga,-11.838252391553056,24.82927222114938,59.24,50,0,3.15
434,pahrump,35.85916001188393,-116.23572102276327,97.16,12,1,12.75
435,nyagan,62.8332421871701,65.10102205464486,59.42,81,48,3.83
436,antalaha,-15.526544482334174,50.82067481447075,69.5,91,92,9.42
437,serpukhov,54.83859196095071,37.45159535031871,46.4,87,0,2.24
438,manggar,-3.1709895949641407,106.9873317603678,86.69,73,20,11.77
439,touros,3.9795061461299497,-31.770293686305365,75.35,87,68,14.12
440,aklavik,78.29035595708763,-140.23205532926312,48.2,61,75,12.75
441,ciudad bolivar,6.350364763586413,-63.391014593229926,80.84,75,68,8.63
442,okhotsk,57.58393001193272,144.4858853957311,63.11,90,80,4.72
443,katsuura,32.85663198032435,142.60386379722632,93.2,52,75,5.82
444,flin flon,61.87291287959826,-102.13627466154163,55.73,59,44,6.85
445,mount gambier,-53.40876744879654,128.2852827813852,60.95,79,0,3.38
446,teya,63.59005132066733,91.5001946300136,84.2,66,75,9.17
447,piney green,34.70112644529635,-77.18625638805021,68.14,74,1,6.96
448,kloulklubed,6.675691909997326,131.77119303023437,77.0,94,90,2.37
449,mae sai,20.85065271591813,99.99410584890279,77.0,94,90,5.82
450,petropavlovsk-kamchatskiy,44.0171174112763,164.79157456567123,62.6,59,20,8.95
451,bulolo,-7.141031910192552,146.38418845579412,72.92,78,44,1.36
452,te anau,-45.12159897883615,162.0290086218094,42.77,96,80,3.38
453,beli potok,43.589114318751115,22.17180065425245,67.95,68,0,3.36
454,misratah,32.727005655077704,15.33954724066814,75.08,100,0,2.59
455,wad rawah,16.266231972247837,34.2334678781053,72.74,88,20,6.96
456,ketchikan,57.54615723784005,-132.0722571964984,64.99,58,90,13.87
457,comodoro rivadavia,-43.93741161268972,-67.48040927122042,42.8,45,0,12.75
458,rondonopolis,-16.741983466639553,-55.00220580350798,73.64,67,56,0.69
459,tamworth,-31.085565056801457,151.35548756966665,66.2,34,12,5.82
461,ibipeba,-11.492495782139613,-42.52047426321042,64.55,82,8,9.98
463,qaqortoq,58.53865360026842,-48.48311847332346,44.6,65,75,1.12
464,port hardy,48.69145041162082,-131.3656355541607,62.6,67,20,11.41
465,atar,20.900375710417208,-10.77473963955012,79.04,54,8,2.15
466,asyut,25.120810341585468,28.753212464857313,78.8,57,0,13.87
468,suntar,61.96429378164075,118.56672261347154,60.95,82,76,3.6
469,mildura,-34.874549539465065,141.98316198980558,61.94,64,48,10.2
470,moba,-7.26713931920834,29.49166498862229,66.71,89,24,3.71
471,yaan,29.764020680273177,100.31521369391413,69.86,98,92,7.29
472,lompoc,26.768139595591407,-132.2209981257666,68.5,60,1,11.41
474,west fargo,47.13130230537857,-97.40148439698226,73.65,76,75,10.29
475,muisne,1.7575491764820725,-83.00869494287157,70.67,95,20,3.94
476,prainha,-1.2169034618465275,-53.24270854213549,80.57,73,0,3.94
477,vostok,52.67369833014459,150.56168662127106,70.76,76,88,2.82
478,koubia,11.707253667037065,-12.212341814607925,65.99,97,88,2.93
479,naryan-mar,67.48242179868484,52.618181506686,46.82,97,88,9.19
480,luanda,-9.71239206657134,10.281648852264283,68.0,94,40,4.7
481,kropotkin,58.85438450939378,116.88689114727913,66.17,33,0,15.23
482,lyuban,53.32411061149182,27.86374137613879,56.81,59,0,10.2
483,san patricio,7.352692358807616,-111.79026869234943,70.4,80,80,6.73
484,coquimbo,-27.246849537781358,-79.8551067397253,53.6,62,0,10.29
485,megalopoli,37.46655829060187,22.185330076041765,68.0,88,0,1.48
486,grand gaube,-15.59624158283897,66.58482483428787,68.0,94,75,14.79
487,taree,-32.627476490801314,153.37663383503298,64.4,59,8,9.17
488,burnie,-43.069238233377604,141.79956208880708,52.31,100,0,2.37
489,kavieng,3.8309308211561017,150.9906948942192,82.82,100,56,4.83
490,salani,-14.013922664957718,-171.53632684912083,62.57,95,80,0.36
491,rabo de peixe,44.391150216758746,-22.212127474706108,69.8,73,40,3.36
492,karaton,45.37620237548009,53.43185708933771,84.2,66,20,2.24
493,sale,-38.733634486336044,147.7051693111079,51.76,93,100,11.41
495,shwebo,22.556165178400903,95.68807420692417,77.87,100,88,6.17
496,neiafu,-17.53125777124201,-173.29003057729935,80.6,69,20,4.7
497,seoul,36.36602974245112,127.93765679514098,77.7,69,90,13.87
498,qingyuan,23.732560456413992,112.82331281629342,82.64,73,12,2.48
499,drochia,48.08283482355063,27.702493318550353,59.78,50,24,6.4
500,zarinsk,53.55946459810221,85.18290208946956,61.04,88,0,4.38
501,katangli,52.34867307473829,145.0144975118891,58.43,87,0,5.39
502,gizo,-9.238223613957373,155.76815195000648,79.75,78,75,4.7
503,dakoro,14.61768117741947,6.476962446284176,71.75,86,0,9.19
504,sisimiut,64.52249135854868,-57.5861308066858,37.01,91,0,4.72
505,gedo,8.62464186334752,37.099887084665056,56.09,100,92,2.48
507,cayenne,8.891427176166388,-45.37584040631191,77.0,94,0,3.36
508,longview,32.77488893726026,-94.784934606945,87.85,50,1,8.05
509,kamenka,71.29372241576115,44.346757365918506,47.54,71,0,6.17
510,lodhikheda,21.51723338264813,78.72187002911346,77.0,94,75,2.24
511,teshie,4.438287434034606,0.3816579011855481,75.2,94,90,8.05
512,cananeia,-26.006027248677064,-47.1227113398312,61.85,100,44,1.92
513,vila franca do campo,32.15179798623349,-23.425076058159704,69.8,73,40,3.36
514,muroto,26.227465129172273,136.73805450737854,84.2,83,75,6.93
515,tigil,57.66822193506155,160.0225866913476,63.02,69,0,6.96
516,kalabo,-13.704744441112979,21.056494523906082,57.8,30,0,5.95
517,rio gallegos,-52.50910989905429,-69.5126235999635,35.6,69,0,21.92
518,bathsheba,22.039008762181936,-45.93115413259031,80.6,74,20,13.87
520,pontecorvo,41.47210119474221,13.624718661642731,69.8,100,75,9.17
521,rawalpindi,33.485105520873105,72.95722413267768,79.04,91,68,2.37
523,indramayu,-5.331856472207505,108.15645837807017,76.43,97,20,3.15
524,sabzevar,35.84678505860245,56.84454154009515,60.14,34,8,3.15
525,lavrentiya,68.81735809986642,-167.6222760640527,46.64,97,88,1.59
526,rincon,14.769773548498605,-67.06048602009005,79.27,74,1,5.82
527,tabas,33.80465296876375,56.169223313945565,65.81,15,0,2.37
528,north myrtle beach,34.10630121568465,-78.40061432673211,74.08,76,1,6.93
529,minot,47.60976325725923,-100.94764114698572,72.45,87,68,8.19
530,guerrero negro,14.044575599122311,-131.37638804252512,74.09,79,24,11.21
531,puerto madryn,-41.7057224448018,-64.74089639001971,47.09,74,0,14.12
533,baguinge,16.72486393904471,121.0980778690207,76.61,89,80,3.38
535,rognan,65.5386698256518,16.358387293162338,51.8,81,40,8.05
536,zaltan,32.5306937834859,11.46015601935946,78.05,97,0,7.63
538,pedernales,0.11613654380774108,-79.73609720271322,70.67,95,56,5.61
539,holme,59.87187661683788,4.580421740484439,51.82,93,92,11.41
540,mulege,26.437053552526123,-111.78213271683322,84.89,67,20,5.84
541,acapulco,5.303733579647314,-105.90237662128014,86.0,70,75,8.05
542,otavi,-19.264381687491692,16.526416341899818,45.29,58,0,2.71
543,ahuimanu,31.129158175832032,-153.60814219016277,79.59,72,90,16.11
546,kuytun,43.91005138065435,83.30587370574278,66.89,64,48,3.38
548,awjilah,28.308585310611505,19.524830006918734,78.05,51,0,10.2
549,pokhara,29.274872651611304,84.20555509765171,69.32,72,44,2.04
550,bahia blanca,-37.280605811081365,-62.36112808307654,45.47,67,32,3.38
551,siocon,8.459551011349788,120.81311266647924,85.52,93,56,5.95
552,sinyavino,59.95914871786462,31.257486426675825,55.4,82,0,2.24
553,san cristobal,-7.266729667293106,-91.17852327960405,51.8,71,40,11.41
554,kokopo,-4.35267450184007,152.11990941215106,80.3,100,48,5.39
555,amazar,52.81287893210049,120.54655777675623,73.37,62,0,3.71
556,caluquembe,-14.20795841880718,14.593322803672237,47.45,83,0,1.92
557,dubbo,-30.44591118733979,146.18779281976737,62.6,45,0,8.05
558,coolum beach,-25.670563089692934,156.50445997658323,65.9,81,68,6.17
559,bubaque,3.722572787198118,-22.38599649406214,78.8,88,20,4.7
562,kirando,-7.205114443611933,30.43047967193999,69.59,100,20,4.72
563,ixtapa,1.0842043094379932,-108.69832130566775,87.8,70,75,9.17
564,obo,5.817304702657424,26.51665268630893,67.97,97,92,5.39
565,aksu,37.62474964539584,82.37101034978002,59.0,93,0,6.71
566,yashalta,46.55371826493149,42.52035734731015,63.65,44,12,12.77
568,berlevag,76.91706398689286,30.283391388961178,44.03,100,56,3.71
569,makubetsu,45.78982811831199,142.07983940410287,71.6,78,75,2.24
570,mpongwe,-13.978311852198047,27.93905627919085,62.03,43,0,9.42
571,shemonaikha,50.51705746822492,82.14582517846077,65.09,83,0,4.16
572,axim,-3.138723393694363,-2.5140114023555498,75.44,98,88,7.63
573,chemax,20.471782889708123,-87.80189912503988,76.25,94,12,2.59
574,belmonte,-16.41634436900972,-34.26864447030263,59.42,83,0,3.38
575,kem,65.24061251978387,35.12609201363145,62.21,99,92,2.37
576,mattru,5.241610938379509,-13.249875413806677,73.37,98,76,2.71
577,dortyol,36.93207899995741,36.37580744554825,80.6,74,0,17.22
578,katima mulilo,-17.267846511794858,23.952983484849653,51.05,53,0,2.71
579,oriximina,1.464513239132927,-56.040373491862255,85.07,56,0,5.84
582,plettenberg bay,-37.306342272067326,23.695873091281356,54.11,100,0,6.29
583,pevek,72.61128760069354,167.36961555791316,40.52,100,80,13
585,imeni morozova,60.28673224222268,31.195316631636985,55.4,82,0,2.24
586,tignere,7.097511647047995,12.336713585880233,60.68,99,68,2.93
587,ossora,59.078012677345754,163.19579069986622,60.59,85,0,5.95
588,koutiala,12.571994963031244,-5.409116796807837,74.63,92,68,2.82
589,gornopravdinsk,61.329010055725746,69.74535948083471,59.69,85,44,5.17
590,charters towers,-20.650581251737393,143.6602636631721,74.63,70,0,9.19
591,teguldet,60.26439688042521,87.85690103602565,57.89,89,56,5.73
592,progreso,22.624666408376697,-90.05284273863381,51.8,93,20,2.24
593,intipuca,13.033090876680376,-88.04727714598876,75.53,100,56,3.38
594,shimoda,23.026524411785942,142.34730116917092,80.55,79,75,21.92
595,husavik,71.82948708583655,-13.856331106114055,75.26,69,56,7.18
597,nuuk,65.17146108785147,-50.3054543009944,50.0,53,48,2.93
598,razdolnoye,45.8084492271841,33.31012768802438,65.81,84,0,10.65
599,duluth,47.04033604963564,-92.07717831592649,70.52,69,90,5.82
600,wattegama,2.8282946538003984,87.86991218047581,74.36,95,92,4.94
601,nongstoin,25.844248225181133,91.30026729258134,79.85,94,44,1.59
602,hanstholm,57.69344947761482,8.575628686274968,59.51,100,44,15.01
603,pallasovka,49.78555149171547,46.274750206251724,52.04,69,0,4.38
607,jalu,28.57285866366476,22.491972886751142,79.94,44,0,10.98
608,limbang,4.0858813633303015,115.70606104967419,83.07,70,75,11.41
609,manaus,-2.063867258941073,-59.64897402711864,75.2,94,0,3.36
610,paita,-6.672374426570158,-85.87253108898497,65.72,82,0,7.18
611,fort nelson,58.83782249578462,-122.4905997851287,46.4,93,90,4.7
612,neath,51.74441198202362,-3.7572350648720487,53.28,93,12,11.41
613,chapais,52.37072899557489,-74.49225258418925,64.4,68,1,9.17
614,talitsa,57.01816015304439,63.506126994117665,50.15,99,92,15.01
615,faanui,-4.644172759721442,-159.40600585086065,79.4,100,36,15.79
616,nizhnevartovsk,58.77186461230576,76.51018680756863,48.2,100,90,4.47
617,lubango,-16.335568500639923,14.054693377779415,50.33,72,0,0.36
618,kachkanar,58.55473044994531,59.40488753219594,49.7,77,64,7.63
